Text,Keyword,Source
受邀来长春参观，第一站是伪满皇宫，真的收获满满，学到了许多平时不知道的历史细节。图三的会客厅，就是当年溥仪和汪精卫见面的地方，两人在这握手言和。图四，这张日本人送给溥仪的北极熊皮，现场看着颇为震撼。 ​​​​#全国网络名人探寻和传播吉林近现代史# ​,长春伪满皇宫,新浪微博总盘
#长春人藏在岁月里的浪漫# 中国几代人的婚俗变迁东北张雨宸｜伪满皇宫博物院 M+创意街区5号馆 #漫游博物馆##微博旅行家# 在长春宽城区伪满皇宫博物院M+创意街区5号馆内，一场名为·天配良缘——近现代婚恋婚俗实物展·的展览正在展出~咱就是说该展览通过展示近现代不同时期的婚恋实物，生动地呈现 ​  展开c,长春伪满皇宫,新浪微博总盘
吉林长春，伪满皇宫。 ​,长春伪满皇宫,新浪微博总盘
一个人来逛长春伪满皇宫，以前溥仪居住和工作的地方。门票70，一对一讲解240，今天又是学到知识的一天 2长春·伪满皇宫博物院 ​,长春伪满皇宫,新浪微博总盘
前几天去长春伪满皇宫的时候，一进大门就注意到同德殿屋顶所用的唐招提寺式鸱尾，心中暗暗想到“伪满皇宫果然是倭伪代汉的先锋”，但这毕竟是那个特殊时期的产物，跟现在的倭伪代汉还是有着本质区别。然而进入殿内看“同德殿修缮纪实展”时，却震惊地发现介绍这件鸱尾时将其称之为“颇具唐风”，对于普 ​  展开c,长春伪满皇宫,新浪微博总盘
久别重逢长春。伪满皇宫里回望旧史，耳机循环坂本龙一，氛围感拉满。长影博物馆安静得只剩思绪，无数陌生姓名，皆在光影里刻下历史。晚间打卡十年老店烧烤，烟火治愈一切。明日铁锅炖大鹅，今日先健身，早睡迎接忙碌一天。#日常分享#长春超话#每日手记##日常分享# 2长春 ​,长春伪满皇宫,新浪微博总盘
#来吉林可以做的365件小事#走进长春伪满皇宫博物院，在红墙楼宇间漫步。庭院静谧雅致，建筑错落有序，在历史与现代交织的空间里，静静感受岁月沉淀，读懂一座城市的过往记忆。#把蓝莓当消炎药吃##吉林踏青季##吉林春趣春又来# ​,长春伪满皇宫,新浪微博总盘
#微博young派对##春日许愿池# 当春日的暖阳悄然洒向长春，伪满皇宫博物院便褪去了冬日的肃穆，在时光的流转中焕发出别样的生机。这座承载着厚重历史的建筑群，在春风的轻抚下，与满园春色交织成一幅动人的画卷。踏入宫门，高墙深院依旧保持着昔日的庄严，灰白色的建筑在蓝天的映衬下更显沉稳。然而 ​  展开c,长春伪满皇宫,新浪微博总盘
#长春发布# 【伪满皇宫博物院举办清明节主题系列纪念活动】4月3日，“清明·追思与传承”清明节主题纪念活动的主会场活动在伪满皇宫博物院暨东北沦陷史陈列馆举行。来自社会各界近千名代表齐聚一堂，以庄严的仪式缅怀抗战英烈、祭奠罹难同胞，在铭记苦难与抗争交织的历史中汲取奋进力量。#网络中国节# ​  展开c,长春伪满皇宫,新浪微博总盘
#即刻出发去长春# 智能讲解员在东北沦陷史陈列馆试岗的一天，表现很不错~~~ @伪满皇宫博物院 L伪满皇宫博物院的微博视频 ​,长春伪满皇宫,新浪微博总盘
三月，你好。冬日暂别，春天已然悄悄走近了，跟着我的脚步开启长春历史文化一日游，从烟火清晨到灯火夜晚，一天走遍百年风华。看历史、品文化、赏一城风情，这就是长春，一座有故事、有温度、有底蕴的北国春城。 2长春 L·墨小盒的微博视频 ​,长春伪满皇宫,新浪微博总盘
#清明吉林博物馆热18.7万人次打卡# 长春市宽城区光复北路的伪满皇宫博物院，浓厚的红色文旅氛围扑面而来。作为全国爱国主义教育示范基地，院内的东北沦陷史陈列馆成为游客驻足缅怀的核心区域，人气格外高涨。馆内庄严肃穆，各地游客与长春本地市民络绎不绝，大家放慢脚步，认真聆听讲解员讲述历史过往 ​  展开c,长春伪满皇宫,新浪微博总盘
趁着ip还没变来更新一下这几天的原图直出游客照！去了长春的农博会，请欣赏超级舒服的生菜和让人想坐上去的仙人掌🌵（？）然后是长影和伪满皇宫！暴走了一天走成扁平足了😭人超多！！刚发现伪满皇宫忘记拍大门口了（......） ​,长春伪满皇宫,新浪微博总盘
#长春文旅爱分享# 【伪满皇宫博物院关于征集溥仪及其时代藏品的公告】（伪满皇宫博物院）编辑：王华琳初审：柳絮复审：师锁伟 终审：曹昊 ​,长春伪满皇宫,新浪微博总盘
溥仪的家比汉卿的家至少大两倍都不止 从早上九点逛到现在 才逛完里面的馆 外面还有馆都没顾得上看 不过伪满皇宫真的堪称大型灯具展啊 每一个房间的灯都不一样 不过现在旅游淡季了 长春人也不多 外面没有看到任何一家旅拍店 这一点挺好的 2长春·伪满皇宫博物院 ​,长春伪满皇宫,新浪微博总盘
长春，伪满皇宫，二楼的厕所不错～ ​,长春伪满皇宫,新浪微博总盘
#吉大杏花节邀全国大学生赏春# 【文化街区互动赠礼】1. 伪满皇宫博物院：持学生证赠杏花主题明信片，参与“杏花妆”DIY、“文物寻春”解谜、“春日诏令”手写互动任一项目，赠“御花园”香片+文创9折券；小红书或抖音发文带话题 #杏遇皇宫 #长春文旅 集10赞，再赠限定春日徽章（领完即止）。　　2.  ​  展开c,长春伪满皇宫,新浪微博总盘
联播简讯：今日，本人赴伪满皇宫、长春电影制片厂开展参观活动。活动期间，本人认真学习、沉浸式体验，深刻感受历史厚度与电影情怀，本次出行主题明确、意义重大，圆满收官！ 2延边·二道白河镇 ​,长春伪满皇宫,新浪微博总盘
小哦啦专属播报📢#2026长春哦啦音乐节#  长春游玩指南MBTI篇part.3✨“NT分析家”专属质感长春乐游攻略来咯～SBTI/MBTI无所谓，NT的旅行只讲逻辑与舒服🧩拒绝盲从喧闹的无效扎堆，专挑舒服人少又有格调的春城好去处。规划自在有度，节奏拿捏从容，慢慢感受城市特色，品味地道烟火日常，把每 ​  展开c,长春伪满皇宫,新浪微博总盘
裴德文（朝鲜族），著名书法家，“满宫德文体”与字库创作者，九三学社吉林省书画院副院长，九三学社长春市书画院院长，中国博物馆协会博物馆图文典籍与金石拓片专业委员会副秘书长、吉林省艺术研究会理事，职事伪满皇宫博物院。德文先生致力于《易经》思想智慧的艺术表达，始终坚持道术兼修，德车文御 ​  展开c,长春伪满皇宫,新浪微博总盘
📍长春蜀王麻辣烫吃了状元阁烧烤吃了元盛居吃了酒喝了宿醉了长春动植物园去了 雪饼猴看了伪满皇宫看了这有山去了桂林路夜市去了 2长春 ​,长春伪满皇宫,新浪微博总盘
春风徐来#吉林很美我在等你##带着微博去旅行##四时俱好是长春#观鸟超话@悠游吉林 @文旅吉林 @长春发布 @长春文旅 @文化下午茶 @伪满皇宫博物院 2长春·伪满皇宫博物院 ​,长春伪满皇宫,新浪微博总盘
#小布分享#【因为勇敢我的人生更精彩】 #幸福长春# L长春发布的微博视频 ​,长春伪满皇宫,新浪微博总盘
截至 2026年4月，全国共有 358家 国家5A级旅游景区。以下按省份分类，列出部分知名代表景区：一、北京（9家）故宫博物院天坛公园颐和园八达岭—慕田峪长城明十三陵恭王府奥林匹克公园圆明园遗址公园（通州）大运河文化旅游区二、天津（2家）盘山风景名胜区古文化街（津门故里）三、河 ​  展开c,长春伪满皇宫,新浪微博总盘
个人排名夯：清河半岛 松花江畔 三道码头 索菲亚教堂 东北虎园顶级：沈阳故宫 中街 北陵公园 博物馆 伪满皇宫 龙江第一湾 白桦树林 北极村人上人：长春制片厂 文庙 中央大街 大兴安岭 北红村 巴洛克广场NPC： 桂林街 54路 珲春街 北山公园 天主教堂 机器总局 北极星广场 工程师早市拉完了：这有山 ​  展开c,长春伪满皇宫,新浪微博总盘
#宽城幸福里 我为群众办实事# 【落实商务会议精神 助企服务贯穿“始终”】1月21日上午，全省商务工作会议召开，宽城经济开发区发展局会后迅速落实会议精神，为经济发展保驾护航。相关负责同志先来到长春中车轨道车辆有限公司，详细了解中车老厂整体搬迁推进情况，听取企业在发展经营中需要帮助解决的困 ​  展开c,宽城区 中车老厂,新浪微博总盘
#宽城幸福里 我为群众办实事# 【落实商务会议精神 助企服务贯穿“始终”】1月21日上午，全省商务工作会议召开，宽城经济开发区发展局志会后迅速落实会议精神，为经济发展保驾护航。相关负责同志先来到长春中车轨道车辆有限公司，详细了解中车老厂整体搬迁推进情况，听取企业在发展经营中需要帮助解决的 ​  展开c,宽城区 中车老厂,新浪微博总盘
#长春房产资讯# 【中车老厂征收，这次在永丰胡同】10月30日，宽城区发布公告，拟对中车老厂区及周边棚改项目范围内的房屋实施征收，征收范围：东起凯旋路，西至铁路专用线，南起长春市中医院北墙，北至永丰胡同。（来源：房地产报） ​,宽城区 中车老厂,新浪微博总盘
回望百年 | 时代楷模：李万君李万君，中车长春轨道客车股份有限公司转向架制造中心焊接一车间电焊工。1987年7月从长春客车厂职业高中毕业后进入客车厂焊接车间工作至今。先后创造出“拽枪式右焊法”等20余项转向架焊接操作法，及时解决了高铁生产的诸多问题。带领团队完成技术创新成果150余项，申报国 ​  展开c,长春百年客车厂,新浪微博总盘
【【奋斗百年路 启航新征程】复兴号引领中国速度 _中国经济网——国家经济门户】 2020年3月26日，青岛市城阳区的中车四方股份公司存车场，各型车辆等待交付。 新华社记者 李紫恒摄 上世纪90年代的长春客车厂载客列车装配生产线，与2019年6月拍摄的中车长春轨... O网页链接 ​,长春百年客车厂,新浪微博总盘
五四百年今胜昔，#圆梦一代#看吉林，为纪念“五四”运动100周年，传承和发扬“五四”精神，在“五四”青年节前夕，省法院团委、院青年联合会组织全院青年法官干警到长春轨道客车厂进行参观，省法院机关党委举行弘扬“五四”精神主题宣讲比赛，通过一系列活动，激发广大青年法官干警为实现省法院高质量 ​  展开c,长春百年客车厂,新浪微博总盘
【长春市宽城区东广街道：因地制宜缓解商圈交通拥堵】#幸福宽城# 批发市场多、临街商户多、物流网点多、公共空间少……拥有光复路批发市场、国贸批发、庆丰大厦、水产市场的长春市宽城区东广街道一直以来都是商家云集的区域，车流量大、人流量也大。为了缓解交通压力，长春市宽城区东广街道多措并举改 ​  展开c,长春光复路市场 拥堵,新浪微博总盘
#北法故事#【真情服务护安宁——记长春市公安局宽城区分局新广派出所】长春市公安局宽城区分局新广派出所辖区面积2.66平方公里，下辖伪满皇宫博物院以及上海路万达广场、黑水路批发市场、光复路批发市场等多个大型商业综合体，高峰时段日均流动人口高达5万人次。这里交通便捷、区位优势突出、商业体 ​  展开c,长春光复路市场 拥堵,新浪微博总盘
元宵佳节临近，长春交警部门发布2月24日元宵节交通繁忙路段预测：上午时段各大商圈、水产批发市场等场所易发生拥堵，预计宽城区的光复路、黑水路、长白路周边；绿园区的同鑫水产市场、南关区的上鲸水产周边等区域车流较为集中。下午至夜间时段受各种活动影响各大景区、商圈交通压力会增大，预计南关 ​  展开c,长春光复路市场 拥堵,新浪微博总盘
#春运微博导航员# 【我要报名春运微博导航员】此时此刻离除夕越来越近了，出行的人们和置办年货的人越来越多，此时长春路况拥堵情况严重，主要集中在红旗街商圈工农大路沿线，欧亚卖场附近开运街附近车流量行驶缓慢，中东大市场和光复路周边人流量车流量较大，请大家合理安排出行！#回乡见闻#  ​  展开c,长春光复路市场 拥堵,新浪微博总盘
#长春爆料# 网友@可爱大姐姐J 爆料:最近北凯旋路越来越堵车了，分析几个原因，新光复路市场，除了正门，南北还有无数个门，正好与凯旋路交汇，时不时就会突然窜出一台车，导致事故多发，车流拥堵，转弯不打转向灯，凯旋路这一路，大概设了五六个红绿灯，原以为会限制速度，但是没有啥作用，希望改善， ​  展开c,长春光复路市场 拥堵,新浪微博总盘
光复路水产市场货站着火啦，附近拥堵，消防车来不少，请绕行！@长春饭店小奶油 2长春·东广场 ​,长春光复路市场 拥堵,新浪微博总盘
【长春市宽城区东广街道：因地制宜缓解商圈交通拥堵】#幸福宽城# 批发市场多、临街商户多、物流网点多、公共空间少……拥有光复路批发市场、国贸批发、庆丰大厦、水产市场的长春市宽城区东广街道一直以来都是商家云集的区域，车流量大、人流量也大。为了缓解交通压力，长春市宽城区东广街道多措并举改 ​  展开c,光复路 乱停车,新浪微博总盘
#文明长春# 【文明交通 安全出行 | 南关区长通街道联合多部门开展交通秩序整治行动】　　近日，长春市南关区长通街道联合南关区执法、交警等部门，共同开展光复路区域交通秩序整治行动。 　　为确保整治有效推进，长通街道联合各部门按照“街道牵头、部门联动、各司其职、协同配合”的方式开展行动。 ​  展开c,光复路 乱停车,新浪微博总盘
【精细周密协调高效整体提升 东广街道推动开展市容环境城建乱象专项整治行动】#和谐宽城# 　　为推动文明城复检落实落地，整治市容环境城建乱象，提升居民小区环境品质，东广街道全面对接上级部署安排，保持开局就是决战、起步就是冲刺的奋斗姿态，积极推动开展市容环境城建乱象专项整治行动。　　一 ​  展开c,光复路 乱停车,新浪微博总盘
【我市多点发力、多措并举，高品质推进城市建设——精致城市建设步伐提速】日前，记者来到修正大桥东侧看到，机械车辆正在对地面进行整理，工人们在做好疫情防控的前提下抓紧施工，这里正在建“口袋公园”。据了解，该项目于3月15日动工，计划栽植乔木300余株、灌木200余株、模纹300余平方米、花卉700 ​  展开c,光复路 乱停车,新浪微博总盘
#长春身边事# 【光复路、站前、黑水路区域…长春市启动第二批商圈拥堵路段智慧停车！】为了营造市民良好的出行环境，引导文明规范停车，助力长春市文明示范城市建设，有效解决停车难、停车乱、“僵尸车”占道等问题。按照长春市人民政府的要求，长春市已于10月9日启动了首批商圈拥堵路段智慧停车服务工 ​  展开c,光复路 乱停车,新浪微博总盘
#长春爆料# 【查重点 整治光复路商家外溢乱象】对于长春人来说，只要说到批发、零售，很多人第一个想到的就是光复路市场，从上个世纪70年代至今，这里一直是各类商品的批发和零售的聚集地。繁华的同时，商家外溢、占道经营、私占停车位、卫生脏乱等问题也频频出现，这一区域也一直是长春城市建设与管理 ​  展开c,光复路 乱停车,新浪微博总盘
东北话讲就是乱马蝇慌，但作为80后对这里却有着特殊的情感，儿时，光复路这三个字，就代表着丰富的小食品和各种玩具。 今日头条 着火的天元商厦（红铁皮）的都快10年了吧？这么堵的地方拆了建个立体停车场多好投资小见效快，就特么在那浪费着，草！一群草包！ O网页链接 ​,光复路 乱停车,新浪微博总盘
#长春身边事#网友吐槽：亚泰大街@长春吉大二院 亚泰院区，马路对面是长春市第八中学。本来家长接送学生时就堵车，这回就更刺激了！#同城报料# 2长春·吉林大学第二医院亚泰院区 L长春门咖的微博视频 ​,亚泰大街 堵车,新浪微博总盘
转自网友，昨天上午亚泰大街快速路堵车，因为这起连续变道引起的交通事故，属于一点没惯着，当场教育。 L长春生活的微博视频 ​,亚泰大街 堵车,新浪微博总盘
今天上午9:30，正在路上车流量很大的时段，卫星路东岭南街交汇路口西向东方向在进行监控设备施工，封闭了部分道路，仅剩下一条直行车道，导致卫星路桥下路拥堵得水泄不通，行动龟速，堵车队伍排到了亚泰大街上方。不知是施工计划不当还是施工方在给交管部门上眼药。由于近期某些交管措施遭到大量吐槽， ​  展开c,亚泰大街 堵车,新浪微博总盘
#长春身边事# 网友爆料：北亚泰大街四十七中学门口，马路堵车都上人行道上开车，学生刚放学有家长还有学生，太危险了 ​,亚泰大街 堵车,新浪微博总盘
人无语到极致的时候真的挺想笑的 ​,亚泰大街 堵车,新浪微博总盘
突然升温好不习惯，中午穿太多了差点中暑身体总是需要一些时间来适应气温的急剧变化周六傍晚的文昌路有浓浓的烟火气亚泰大街堵车依旧壮观又是跳过了春季的一年 ​,亚泰大街 堵车,新浪微博总盘
亚泰大街全线控灯吗？@长春交警 一个灯就过三、四辆车，请问，这能缓解交通压力吗，咋这么不信呢#长春身边事##堵车# ​,亚泰大街 堵车,新浪微博总盘
长春交通人的智慧晚高峰超话每天晚高峰的这个时段长春市亚泰大街南向北，长春大街上桥口都会红灯管控，导致亚泰大街南向北车辆严重拥堵，同时也导致与之交叉的长春大街东西方向严重堵车，即使是绿灯放行车辆也会行驶缓慢，建议此处上桥口效仿泰达街快速路北向南，南湖大路下桥口，做 ​  展开c,亚泰大街 堵车,新浪微博总盘
（3月13日）昨天晚间六点三十分左右，吉林交通广播接到来自白城通榆听众刘先生的求助电话，家中三岁的孩子高烧三天不退伴随抽搐。正在送往长春市儿童医院转院就医。希望交通广播协调开通绿色通道。      （哎，你好，是刘先生吗？啊，你好，你好啊，我交通台记者，然后那个现在孩子什么情况怎么样了 ​  展开c,亚泰大街 堵车,新浪微博总盘
#生活手记##长春交通# 亚泰大街在吉林大路到自由大路之间，这部分交警是换新人了吗？新措施不断出现，昨天不是说把公平西路跟亚泰大街交汇口南边的调头线给挡上了吗？今天没打，打开了。今天在大经路和亚泰大街交叉的路口左转由北向南快到八中门口的时候，警察站到路中间，把辅路的车给拦住了，这事我 ​  展开c,亚泰大街 堵车,新浪微博总盘
之前没治理的时候，确实堵车，但是我还可以接受，最近整治的，已经不是赌不赌车的问题了，是我下班回家都困难了，昨天硅谷大街堵了20分钟，又遇到南部快速路转亚泰大街快速路入口不让进去了，走的路去下一个口，又堵了20分钟，好不容易上桥了，前面又出事故，又20分钟，下班回个家，都快赶上取经了，醉 ​  展开c,亚泰大街 堵车,新浪微博总盘
正月十六周一早晨九点多，亚泰大街堵车景象 ​,亚泰大街 堵车,新浪微博总盘
万科这个小区，周边的铁路线太全了，这是如何规划在这边建住宅小区的呢？看到顶部的字，我就不新鲜了，DL…… ​,长春铁路线 噪音,新浪微博总盘
【好消息！#宁芜铁路扩能改造项目开工#】宁芜铁路北起南京东站，南至芜湖东站，是承担着重要客货运输任务的铁路线，但其中的沧波门至古雄段位于南京城区中心地带。12月8日，宁芜铁路扩能改造项目正式开工建设，建设工期约四年零五个月，将化解原线路割裂城市、噪音干扰、污染排放、交通拥堵等问题。  ​  展开c,长春铁路线 噪音,新浪微博总盘
#北京买房# 据悉中海万泉寺地块定于本周六对外开放样板间，户型面积段为130-230平米之间，预计售价会在10-11万之间。地块南侧约40米处有铁路线，第一排楼栋噪音问题明显，需实地测试隔音效果。地块城市界面老旧、周边存在老破小社区，可能影响豪宅圈层纯粹性。直线距离300米就是中海拿的西南郊冷库地 ​  展开c,长春铁路线 噪音,新浪微博总盘
【速看！西安桥提前通车！】2021年12月31日6时西安桥改造工程比原计划提前15天，实现简易通车西安桥位于绿园区、朝阳区与宽城区三区交界，是我市西安大路上跨京哈铁路线及轻轨三号线的重要交通节点。改造前，桥梁评定等级为D级，存在安全隐患，实施改造迫在眉睫。桥梁改造受场地及京哈线安全运营等 ​  展开c,长春铁路线 噪音,新浪微博总盘
#和谐宽城# 【安门帘、换玻璃、封窗户……楼道里暖和了！】在这个寒意已深的季节里，让辖区居民温暖过冬成为街道社区干部牵挂的事儿。最近几天，宽城区群英街道党工委采购了900块棉门帘、200平方米玻璃、8000米塑料布，为辖区内的老旧散小区安门帘、换玻璃、封窗户，居民们高兴地伸出大拇指点赞。     ​  展开c,宽城区 老旧小区改造,新浪微博总盘
【#长春市宽城区将集中改造16个老旧小区#】老旧小区改造是长春市今年的重点民生工程。在长春市南关区发布老旧小区改造之后，宽城区老旧小区改造名单也公布了。#同城爆料# L吉视公共新闻频道的微博视频 ​​​ 2长春 ​,宽城区 老旧小区改造,新浪微博总盘
网友求助：我家住在宽城区贵阳小区，没有物业，归新发街道吴淞路社区管辖，一下雨（雪）房子就漏雨，从七楼到一楼都漏，以前旧房改造过，去年邻居给旧改办打过电话，说过保了。现在这个该归哪个部门管？@和谐宽城 L长春西门大官人的微博视频 ​,宽城区 老旧小区改造,新浪微博总盘
【宽城区2020年旧改项目正式复工】#和谐宽城# 老旧小区改造是重要的民心、民生工程，为保证改造项目按期完成，3月26日，宽城区2020年改造项目城建小区正式复工。　　2020年长春市宽城区老旧小区改造项目包含十一高宿舍、城建小区内供热、道路排水、景观绿化、楼体内外立面、基础设施等项目改造。2020 ​  展开c,宽城区 老旧小区改造,新浪微博总盘
#长春16个老旧小区即将改造# 长春宽城区2021年计划改造16个老旧小区、152栋楼、7726户居民，将针对老旧小区管网老化、道路失修、绿化亮化缺乏、设施设备陈旧、物业服务缺失、居住环境较差等问题大力改造。其中改造的小区包括：天华小区、华新小区、奋进小区、干休所宿舍、工商银行宿舍、邮局宿舍、蔡 ​  展开c,宽城区 老旧小区改造,新浪微博总盘
#和谐宽城# 【宽城区开展老旧小区改造工作调研】11月15日，长春市咨询设计审查处对宽城区2021年计划改造的16个老旧小区进行改造前调研指导工作。　　宽城区2021年计划改造16个老旧小区、152?栋楼、7726户居民。在调研工作会上，专家组及参会单位听取了区住建局旧改负责人对老旧小区现状、改造项目的重 ​  展开c,宽城区 老旧小区改造,新浪微博总盘
【老旧小区改造工程｜居民意见调查】#和谐宽城# 城镇老旧小区改造是重大民生工程和发展工程。为深入贯彻落实国家关于实施城镇老旧小区改造的决策部署，推进我市老旧小区改造工作，改善居民居住环境，提升城市品质形象，11月18日开始，宽城区柳影街道新兴路社区网格长协同楼栋长、单元长对我辖区老旧小 ​  展开c,宽城区 老旧小区改造,新浪微博总盘
【宽城区住建局召开旧改项目负责人廉洁警示教育会议】12月3日上午，宽城区住建局召开旧改施工项目负责人廉洁警示教育会议，局党组书记、局长林超主持会议，局旧改项目标段负责人参加会议。　　林超指出，目前全区旧改提升工作已近尾声，区住建局负责的市政道路、绿化和老旧小区改造工程处于组卷报审阶 ​  展开c,宽城区 老旧小区改造,新浪微博总盘
【长春多个片区老旧小区改造启动招标！涉及上万户居民】长春老旧小区改造再提速！宽城区四大片区+南关区光复路南片区改造项目接连发布招标公告，涉及上万户居民，基础设施升级、居住环境焕新安排上了！📍宽城区：柳影路、芙蓉路、凯旋、北京大街四大片区同步启动勘察设计，总投资超6亿！涵盖楼顶防 ​  展开c,宽城区 老旧小区改造,新浪微博总盘
【涉及长春上万户居民，多个老旧小区将改造】来源：长春市公共资源交易网初审：梁爽复审：曹光宇终审：臧立 ​,宽城区 老旧小区改造,新浪微博总盘
【长春日报】锚定目标勇担当 实干笃行惠民生 全力绘就全面振兴取得新突破的宽城画卷岁月不居，时节如流；初心如磐，实干为证。　　2025年，宽城区在市委市政府和区委坚强领导下，始终锚定“长春北部现代核心区”建设目标，将人民期盼置于心间，发展重任扛在肩头，以奋斗作答、以实绩践诺，在爬坡过坎 ​  展开c,宽城区 老旧小区改造,新浪微博总盘
【走遍长春 情暖春城丨我市推动老旧小区改造和民生服务“双提升”】在“走遍长春 情暖春城”行动中，相关部门负责人深入居民小区，听民声、察实情、解难题，围绕居民群众反映的“急难愁盼”问题开展专题调研，现场督办，推动解决一批困扰居民群众的民生问题。 L长春新闻的微博视频 ​,宽城区 老旧小区改造,新浪微博总盘
【宽城区新广街道组织党员干部参观吉林省近现代史展馆】为深化党史学习教育、传承红色基因，长春市宽城区新广街道新时代文明实践所组织全体党员干部，赴吉林省近现代史展馆开展“回望峥嵘岁月汲取奋进力量”主题党日活动，在实地学习中感悟初心、凝聚动力。​参观中，党员干部在讲解员引导下，依次浏 ​  展开c,宽城区 老旧小区改造,新浪微博总盘
长春市宽城区柳影街道：老旧小区展新颜 幸福生活再升级 L吉视守望都市的微博视频 ​,宽城区 老旧小区改造,新浪微博总盘
#宽城微资讯# 长新街道银山路社区积极推进老旧小区更换智能远传水表改造升级工作#和谐宽城# O长新街道银山路社区积极推进老旧小区更换智能远传水表改造升级工作 ​,宽城区 老旧小区改造,新浪微博总盘
#文明长春# 【长春市宽城区银山路社区“好人工作室”捐赠爱心扶手，弘扬敬老美德 】为充分发挥“身边好人”的示范引领带动作用，将关心关爱融入到老年人生活中的点点滴滴，近日，长春市宽城区长新街道银山路社区新时代文明实践站的“好人工作室”为老旧小区捐赠价值千元的爱心扶手，切实解决98户家庭中 ​  展开c,宽城区 老旧小区改造,新浪微博总盘
东本愿寺旧址～#长春老建筑##伪满时期建筑# L长春点哥的微博视频 ​,长春老建筑 拆除,新浪微博总盘
没给你来点高光时刻真是可惜了 ​,长春老建筑 拆除,新浪微博总盘
#长春丰乐剧场焕新重生# 【百年丰乐 焕然新“声”｜音乐厅建设亮点揭秘①：修旧如旧的匠心】新旧建筑的和谐共生是项目的另一大亮点。为破解用地受限难题，项目拆除了紧邻文物本体的春城剧场宿舍楼，打造出开阔的主入口小广场。附属用房采用圆弧角设计呼应老建筑风格，在高度上刻意低于文物建筑，色彩与 ​  展开c,长春老建筑 拆除,新浪微博总盘
还是熟悉的配方还是熟悉的味道系列之三半熟悉的老道外一直觉得道外才是真正的老哈，但跟上学时候相比变化很大，老建筑基本拆除完毕，按街区统一风格建起了一座座洋楼，是为中华巴洛克街区。仅一街之隔，就把熙熙攘攘的景区与老道外仍在营生的商铺们彻底分割开来。昔日星星点点甚至都没有本地晒暖的阿 ​  展开c,长春老建筑 拆除,新浪微博总盘
【孝子坟、杏花村里的“天坛”......那些消失的长春老建筑】孝子王梦惺为母虔诚守墓，母子合葬一处，成就长春“孝子坟”，直到1958年，“孝子坟”被拆除。1934年，溥仪在杏花村“天坛”举行了祭天仪式，杏花村被定为“宫廷建筑用地”......小编用照片和历史资料，带你了解长春大街小巷的前世今生！ ​,长春老建筑 拆除,新浪微博总盘
2026年3月15日，俯瞰榆树老城，榆西大街与光荣路交汇处，又一老建筑悄然退场。这里，是原榆树光荣院旧址。1958年始建，前身烈属养老院；一代代守护孤老烈属、伤残军人；七十年代定名光荣院，九十年代初，现在拆迁的多层砖混结构的原光荣院主体楼房建成，2012年翻新提质，深耕双拥温情。2016年全院南迁 ​  展开c,长春老建筑 拆除,新浪微博总盘
百年老街，沧桑记忆          前些天，我和朋友相约来到位于长春市宽城区的北京大街与清明街、呼伦路交汇处，参观修复后伪满洲国时期日式老建筑。         尽管现代气息和商业气息浓郁，与小时候看到的日式建筑群还有差距，但还是打开了我记忆的闸门，老北京大街的日式建筑城区、主要建 ​  展开c,长春老建筑 拆除,新浪微博总盘
【幸福吉林 美好长春丨拆围透绿焕新颜   公共空间拓新境】时隔22年，长春人民广场正式重新对外开放。伴随广场焕新，周边三大重要单位院落——中国共产党长春市纪律检查委员会、长春市公安局、中国人民银行吉林省分行同步完成“拆围透绿”改造工程。三处院落立足各自历史背景与功能定位，通过拆除围墙、 ​  展开c,长春老建筑 拆除,新浪微博总盘
#全国网络名人探寻和传播吉林近现代史#今年是中国人民抗日战争胜利八十周年，长春新民大街历史建筑群作为伪满洲国时期的重要遗存，其建筑形态深刻反映了东亚近代化进程中的日本侵略者昔年在中国东北的文化、技术及意识形态上的入侵#针眼窥史# 如伪满国务院旧址（今天的吉大基础医学部）呈现出显著的中 ​  展开c,长春老建筑 拆除,新浪微博总盘
城市改造：长春人民广场有新变化 L吉视守望都市的微博视频 ​,长春老建筑 拆除,新浪微博总盘
#央媒看吉林# 【观长白丨百年老街如何演绎“三退三进”】长春市新民大街，一条有着近百年历史的街区。作为吉林省首条“中国历史文化名街”，新民大街两侧有10余处院落，其中5处是全国重点文物保护单位。（人民网—吉林频道）O网页链接 L吉林日报的微博视频 ​,长春老建筑 拆除,新浪微博总盘
【长春新民大街，不只翻新更是重塑】来源：时评人刘凤凯）#长春网红打卡地##长春就是长春# L长春发布的微博视频  ​,长春老建筑 拆除,新浪微博总盘
【新闻深一度 | #新民大街#：焕新传承，百年老街的双面精彩】#藏在吉林22℃的夏天# （记者：李晓静 徐铭泽 一审：邹乃硕 二审：李晓静 三审：贾艳玲） L吉林日报的微博视频 ​​​,长春老建筑 拆除,新浪微博总盘
"#镜头里的宽城#【长客亚乔辛制粉厂  市级文物保护单位】1903年，由俄商投资兴建,地面四层地下一层,钢筋混凝土结构。1948年长春解放后，这里被长春市财政局接收，改为新华米厂，后期与粮食公司合作，成为长春市第一制粉厂。 ​",长春市 工业遗产 保护,新浪微博总盘
#镜头里的宽城# 【凯旋路：“大红楼”亚乔辛制粉厂】在宽城区凯旋路原长春机车厂院内，有一座用红砖砌成的四层建筑，被人们形象地称为“大红楼”。百余年前，长春最早使用蒸汽机的近代化工厂——亚乔辛制粉厂在这里诞生，从而开启了长春的近代工业化进程。作为长春近代最早的外资企业之一，亚乔辛制粉 ​  展开c,长春市 工业遗产 保护,新浪微博总盘
#《人世间》取景地在长影厂#长春市文广旅局近日在回复网友留言时透露，热播剧《人世间》的取景地在长春电影制片厂。近日有网友在人民网“领导留言板”留言，提出“长春有很多历史文化老街、老厂，保存修缮得非常好， 是不是可以邀请一些影视剧组来长春拍摄电视剧。这样有利于发展长春经济，打造长春电 ​  展开c,长春市 工业遗产 保护,新浪微博总盘
#文物动态# 日前，国务院同意将吉林省长春市列为国家历史文化名城。长春市历史悠久，历史遗存丰富，城市空间格局独特，工业遗产特色鲜明，非物质文化遗产丰富多样，具有重要的历史文化价值。国务院批复要求，按照《历史文化名城名镇名村保护条例》的要求，正确处理城市建设与保护历史文化遗产的关系， ​  展开c,长春市 工业遗产 保护,新浪微博总盘
1956年7月13日，第一批“解放”牌汽车在吉林长春的第一汽车制造厂总装配线上开出，结束了中国不能制造汽车的历史，这段历史大家应该都有印象。来长春旅游，可以来探访一下一汽历史厂区，看一眼中国汽车工业的摇篮。长春第一汽车制造厂早期建筑是中国汽车工业的重要历史见证。这些建筑是1953年苏联援 ​  展开c,长春市 工业遗产 保护,新浪微博总盘
对于老一辈电影爱好者来说，长影旧址博物馆之旅是一次怀旧之旅。这里陈列的每一幅电影海报、每一句经典台词、每一段动人旋律，都能瞬间勾起他们心中深藏已久的珍贵回忆。而对于年轻一代来说，这座博物馆则成为一扇通往电影历史深处的大门，让他们得以一窥中国电影的发展历程，深刻感受到前辈电影人的卓 ​  展开c,长春市 工业遗产 保护,新浪微博总盘
#吉林文脉# 长春电影制片厂被誉为“新中国电影的摇篮”，曾创造了新中国电影史上的“七个第一”。作为记录长春电影制片厂发轫、发展、繁荣与变迁的艺术殿堂，长影旧址博物馆不仅是国家级重点文物保护单位、国家4A级旅游景区，还是国家工业遗产旅游基地。通过文物保存、艺术展览、电影互动等丰富形式， ​  展开c,长春市 工业遗产 保护,新浪微博总盘
#长春网红地点大搜罗#【 发现长春之美|长春54路有轨电车：穿越时空 打开城市记忆】19日，伴着车轮与铁轨的碰撞声，长春54路有轨电车悠悠荡荡地驶来，“沿着纬度看中国——发现长春之美”网络媒体行的媒体代表们在车上一边观光，一边体验。长春54路有轨电车是吉林省长春市唯一一条保留至今的有轨电车线 ​  展开c,长春市 工业遗产 保护,新浪微博总盘
#文化吉林#  【《欢迎乘坐长春号时光专列》】 长春的建筑，是历史的守望者。左家山遗址携六千年前的“中华第一石龙”重见天日，大马路承载了长春商埠的繁荣与民营经济的蓬勃，一汽厂区亲历了长春工业的辉煌与荣光……建筑是长春剪影，也是长春一路走来的见证。L长春发布的微博视频 ​,长春市 工业遗产 保护,新浪微博总盘
【从摇篮到未来 吉林激发工业遗产发展新动能】近日，吉林省文化和旅游厅发布“从摇篮到未来——长春新中国建设成就文物主题游径”，深入落实“保护第一、加强管理、挖掘价值、有效利用、让文物活起来”的工作要求，以文塑旅、以旅彰文，推动工业文明与文旅发展深度融合。这条游径以新中国工业建设为主 ​  展开c,长春市 工业遗产 保护,新浪微博总盘
【东北行·长春·有轨电车(20251219)】       长春有轨电车系统始建于1941年，最初由日本侵占时期规划建设，后经多次变迁。1948年长春解放后逐步恢复运营，至1960年拥有6条线路、52.63公里线网。       随着城市发展，多数线路被拆除，目前仅保留‌G54路（西安大路站—长影站）和G55路（长春西站站—长 ​  展开c,长春市 工业遗产 保护,新浪微博总盘
【#吉林是共和国老工业的脉搏#】 现如今钢铁有了记忆，齿轮学会了唱歌。#老工业正开启黄金时代#（视频来源网络） L长春校园的微博视频 ​,长春市 工业遗产 保护,新浪微博总盘
长春城市的名片，吉林八景之一，净月潭。离开齐齐哈尔扎龙自然保护区，我们驱车来到了长春市。长春市，别称“北国春城”，是东北地区重要的中心城市，也是国家历史文化名城，全国性综合交通枢纽城市，东北先进制造业基地、区域性科技创新高地。长春是著名的中国老工业基地和新中国最早的汽车工业基地和 ​  展开c,长春市 工业遗产 保护,新浪微博总盘
【中国新闻网 | 海外台胞代表人士参访吉林：感受山川之美 观科技创新】在吉林市，感受工业遗产中蕴含的创新与实干精神；登长白山，了解吉林省自然生态保护与发展生态旅游的成果；走进位于四平的黑土地，了解现代智慧农业科技；在大美长春，一边读取城市的历史，一边领略东北秋季风光。9月19日至25日 ​  展开c,长春市 工业遗产 保护,新浪微博总盘
长影旧址博物馆       长影旧址博物馆位于吉林省长春市朝阳区红旗街1118号，在长春电影制片厂的原址，是长影集团有限责任公司在完整保留伪满洲国时期株式会社满洲映画协会建筑的基础上，本着“修旧如旧”的原则修缮完成，于2014年8月19日对公众全面开放，被评定为国家三级博物馆。该馆占地面积37549平 ​  展开c,长春市 工业遗产 保护,新浪微博总盘
旅游管理专业论文选题红色文化、历史文物博物馆、文化遗产、自然资源、乡村特色、冰雪特色、海洋资源、工业发展、特色产业等一个区域或者一个景点为研究对象1. 沈阳红色文化旅游开发问题研究2. 遗址型工业博物馆文化记忆的游客情感体验研究-沈阳工业博物馆为例3. 沈阳清文化旅游发展研究4. 全域 ​  展开c,长春市 工业遗产 保护,新浪微博总盘
【今日头题丨城市空间“活”起来    长春多点联动打造周末文旅新场景】《中共中央 国务院关于推动城市高质量发展的意见》明确提出，推动历史文化名城、街区整体保护，活化利用不可移动文物、历史建筑、工业遗产，依托历史文化街区和历史地段，结合实际开展文化展示、特色商业、休闲体验等。眼下，我市 ​  展开c,长春市 工业遗产 保护,新浪微博总盘
#有一种美好叫辽宁##遇见更美大连# 悠悠文脉续华章 白山黑水谱新篇守护文明根脉 焕新历史印记骄阳下，内蒙古赤峰市敖汉旗下洼镇元宝山积石冢二期考古发掘现场探方内，内蒙古自治区文物考古研究院考古队技工周瑞伍俯身轻刷土层，细密的汗珠挂在额角。“尽管发掘工作尚未完成，但积石冢已经得到了全 ​  展开c,长春市 工业遗产 保护,新浪微博总盘
溥仪同款机位我必拍,长春伪满皇宫打卡,小红书种草大盘
来长春伪满皇宫我只干一件事,长春伪满皇宫打卡,小红书种草大盘
长春 | 伪满皇宫 黄粱一梦,长春伪满皇宫打卡,小红书种草大盘
跟着《末代皇帝》游伪满皇宫,长春伪满皇宫打卡,小红书种草大盘
伪满皇宫机位分享,长春伪满皇宫打卡,小红书种草大盘
长春伪满皇宫｜保姆级全攻略+0绕路路线✨,长春伪满皇宫打卡,小红书种草大盘
伪满皇宫的低沉与压抑,长春伪满皇宫打卡,小红书种草大盘
也就是去了五六七八次伪满皇宫吧,长春伪满皇宫打卡,小红书种草大盘
伪满洲国皇宫没有一点皇宫的样子,长春伪满皇宫打卡,小红书种草大盘
长春之伪满皇宫,长春伪满皇宫打卡,小红书种草大盘
打卡伪满皇宫：从宫殿遗址里回望历史,长春伪满皇宫打卡,小红书种草大盘
长春民丰三条｜老城区里的时光褶皱,长春老街拍照,小红书种草大盘
长春又炸街！百年老街成功修复归来！,长春老街拍照,小红书种草大盘
走🚶🏼‍♂️在长春的老街区里打捞岁月故事,长春老街拍照,小红书种草大盘
长春｜最复古的街区 还有人记得吗？,长春老街拍照,小红书种草大盘
老街的春天,长春老街拍照,小红书种草大盘
长春商埠地历史文化街区,长春老街拍照,小红书种草大盘
长春新民大街原创词『新民长街』,长春老街拍照,小红书种草大盘
📸长春扫街｜在老工业区的citywalk～,长春工业风打卡,小红书种草大盘
隐于市的工业废土风咖啡店☕️,长春工业风打卡,小红书种草大盘
在长春📍让时间停留在千禧年的拖拉机厂,长春工业风打卡,小红书种草大盘
遗忘的角落｜长春,长春工业风打卡,小红书种草大盘
长春Citywalk｜工业风水文化生态园,长春工业风打卡,小红书种草大盘
长春🎞️工业风拍照地,长春工业风打卡,小红书种草大盘
钢筋混凝土和浪子的涂鸦,长春工业风打卡,小红书种草大盘
长春地下停车场拍照｜长春辣妹必看📸,长春工业风打卡,小红书种草大盘
工业风太酷啦👓这家店简直踩到了我的心巴上,长春工业风打卡,小红书种草大盘
这不是废墟，是我在长春发现的工业遗迹大片,长春工业风打卡,小红书种草大盘
长春旅游|一定要感受下老工业区的Citywalk~,长春工业风打卡,小红书种草大盘
长春旅游攻略🔥,长春小众景点,小红书种草大盘
长春，北国春城,长春小众景点,小红书种草大盘
长春自驾地图｜附国庆节三日游住宿+游玩攻略,长春小众景点,小红书种草大盘
长春citywalk｜小众打卡地合集,长春小众景点,小红书种草大盘
长春必冲🔥6大核心景点,长春小众景点,小红书种草大盘
发现长春的小众旅游打卡地,长春小众景点,小红书种草大盘
长春适合带仇人去的地方（求补充),长春小众景点,小红书种草大盘
长春慢游攻略｜银发族零负担逛吃指南🎉,长春小众景点,小红书种草大盘
长春版“小阿勒泰”｜蓝天公园开放！,长春小众景点,小红书种草大盘
长春找工作避雷,长春避雷,小红书种草大盘
长春！避雷！,长春避雷,小红书种草大盘
长春高铁站避雷！,长春避雷,小红书种草大盘
吉大避雷小北门烤牛肉面片,长春避雷,小红书种草大盘
呼叫在长春读大学的两广靓仔靓女,长春避雷,小红书种草大盘
避雷净月大学城迅驰广场的丽德尔健身房！,长春避雷,小红书种草大盘
避雷！！！,长春避雷,小红书种草大盘
长春泊寓避雷,长春避雷,小红书种草大盘
长春租房 标准一室 可短租 可押一,长春光复路,小红书种草大盘
长春光复路的大雨,长春光复路,小红书种草大盘
拼装四驱车到货,长春光复路,小红书种草大盘
6.1后高达更新啦。,长春光复路,小红书种草大盘
光复路食品批发   招聘文员,长春光复路,小红书种草大盘
长春货源地-光复路价格一探 价差15%+。,长春光复路,小红书种草大盘
长春市光复路这个大厦为什么没有窗户,长春光复路,小红书种草大盘
长春 市景 光复路2025.3,长春光复路,小红书种草大盘
长春 市景 光复路 2025.9,长春光复路,小红书种草大盘
长春光复路牛肉抻面,长春光复路,小红书种草大盘
来一次就够的“长春”,长春旅游 堵车,小红书种草大盘
劝退！五一假期长春这有山来了一亿人！,长春旅游 堵车,小红书种草大盘
下周去长春，住哪儿呀,长春旅游 堵车,小红书种草大盘
长春旅游落地第一天，避雷篇,长春旅游 堵车,小红书种草大盘
今早长春世纪快速路咋的啦,长春旅游 堵车,小红书种草大盘
我真的求求了,长春旅游 堵车,小红书种草大盘
长春历史建筑步行路线图（2）,长春老城区,小红书种草大盘
官宣｜长春新民大街正式入驻小红书啦‼️,长春老城区,小红书种草大盘
你见过80年代的长春吗？,长春老城区,小红书种草大盘
长春！目测是下一个县城文学拍照打卡地！,长春老城区,小红书种草大盘
这里是你没见过的，80年代的长春！,长春老城区,小红书种草大盘
📸长春扫街｜在老工业区的citywalk～,长春老城区,小红书种草大盘
长春｜长春伪满八大部Citywalk路线图 🏛,长春老城区,小红书种草大盘
长春旅游攻略🔥,长春老城区,小红书种草大盘
长春 市景 站前 2025.8,长春老城区,小红书种草大盘
长春宽城子｜红砖巷陌里的中式浪漫✨,长春老城区,小红书种草大盘
宽城区租房,长春宽城区,小红书种草大盘
80年代初，美国间谍卫星拍摄的长春市区,长春宽城区,小红书种草大盘
长春找线下搭子,长春宽城区,小红书种草大盘
长春市整租一室一厅950,长春宽城区,小红书种草大盘
长春人嘴真严！这么火的商场没人说吗？,长春宽城区,小红书种草大盘
宽城区地图＃行政区划图＃政区图＃交通图,长春宽城区,小红书种草大盘
长春市旅游地图,长春宽城区,小红书种草大盘
一居室租房,长春宽城区,小红书种草大盘
好纠结呀，去哪里,长春宽城区,小红书种草大盘
长春宽城求租,长春宽城区,小红书种草大盘
🔥求长春靠谱老破小改造设计师推荐,长春老旧小区,小红书种草大盘
在长春📍花小钱办大事❗旧房翻新真的香,长春老旧小区,小红书种草大盘
🔥供暖倒计时！这些事情要注意！,长春老旧小区,小红书种草大盘
旧车库门改造｜疯狂动物城来我家啦！,长春老旧小区,小红书种草大盘
房价还能长起来吗？,长春老旧小区,小红书种草大盘
长春绿园区老破小 小屋大变样……,长春老旧小区,小红书种草大盘
长春 市景 站前 2025.8,长春老旧小区,小红书种草大盘
新民大街整容不整容，city不city！,长春改造,小红书种草大盘
暗藏日本人小心眼子的旧址，已被长春改造！,长春改造,小红书种草大盘
改造后新民大街的细节,长春改造,小红书种草大盘
崇智商场或将迎来改造焕新,长春改造,小红书种草大盘
新民大街整容不整容，city不city！第二期,长春改造,小红书种草大盘
长春大学要搬走吗？,长春改造,小红书种草大盘
展板分享 | 水的再生,长春改造,小红书种草大盘
长春素人改造,长春改造,小红书种草大盘
改造后的长春新民大街有一种典雅的气质,长春改造,小红书种草大盘
长春，文艺的根系在蔓延,长春改造,小红书种草大盘
为迎接2027年大冬会，长春将对多处场馆改造,长春改造,小红书种草大盘
